Repair_ID,Part_Name,Category,Model,Estimated_Time,Difficulty,Tools,Steps,Torque_Specs,Safety
QRG0001,Spark Plugs,ENGINE,Dzire,1 hours,Easy,"Basic Hand Tools, Safety Equipment",1. Safety first | 2. Disconnect battery | 3. Remove old part | 4. Install new part | 5. Test system,Follow manufacturer specifications,"Disconnect battery, Use proper PPE"
QRG0002,Spark Plugs,ENGINE,Wagon R,4 hours,Hard,"Basic Hand Tools, Safety Equipment",1. Safety first | 2. Disconnect battery | 3. Remove old part | 4. Install new part | 5. Test system,Follow manufacturer specifications,"Disconnect battery, Use proper PPE"
QRG0003,Spark Plugs,ENGINE,Ertiga,4 hours,Easy,"Basic Hand Tools, Safety Equipment",1. Safety first | 2. Disconnect battery | 3. Remove old part | 4. Install new part | 5. Test system,Follow manufacturer specifications,"Disconnect battery, Use proper PPE"
QRG0004,Ignition Coils,ENGINE,Ertiga,1 hours,Easy,"Basic Hand Tools, Safety Equipment",1. Safety first | 2. Disconnect battery | 3. Remove old part | 4. Install new part | 5. Test system,Follow manufacturer specifications,"Disconnect battery, Use proper PPE"
QRG0005,Ignition Coils,ENGINE,Fronx,4 hours,Hard,"Basic Hand Tools, Safety Equipment",1. Safety first | 2. Disconnect battery | 3. Remove old part | 4. Install new part | 5. Test system,Follow manufacturer specifications,"Disconnect battery, Use proper PPE"
QRG0006,Ignition Coils,ENGINE,Grand Vitara,4 hours,Easy,"Basic Hand Tools, Safety Equipment",1. Safety first | 2. Disconnect battery | 3. Remove old part | 4. Install new part | 5. Test system,Follow manufacturer specifications,"Disconnect battery, Use proper PPE"
QRG0007,Fuel Injectors,ENGINE,Alto K10,1 hours,Medium,"Basic Hand Tools, Safety Equipment",1. Safety first | 2. Disconnect battery | 3. Remove old part | 4. Install new part | 5. Test system,Follow manufacturer specifications,"Disconnect battery, Use proper PPE"
QRG0008,Fuel Injectors,ENGINE,Fronx,4 hours,Medium,"Basic Hand Tools, Safety Equipment",1. Safety first | 2. Disconnect battery | 3. Remove old part | 4. Install new part | 5. Test system,Follow manufacturer specifications,"Disconnect battery, Use proper PPE"
QRG0009,Fuel Injectors,ENGINE,Ertiga,4 hours,Medium,"Basic Hand Tools, Safety Equipment",1. Safety first | 2. Disconnect battery | 3. Remove old part | 4. Install new part | 5. Test system,Follow manufacturer specifications,"Disconnect battery, Use proper PPE"
QRG0010,Timing Chain,ENGINE,Swift,2 hours,Hard,"Basic Hand Tools, Safety Equipment",1. Safety first | 2. Disconnect battery | 3. Remove old part | 4. Install new part | 5. Test system,Follow manufacturer specifications,"Disconnect battery, Use proper PPE"
QRG0011,Timing Chain,ENGINE,Fronx,2 hours,Medium,"Basic Hand Tools, Safety Equipment",1. Safety first | 2. Disconnect battery | 3. Remove old part | 4. Install new part | 5. Test system,Follow manufacturer specifications,"Disconnect battery, Use proper PPE"
QRG0012,Timing Chain,ENGINE,Grand Vitara,3 hours,Medium,"Basic Hand Tools, Safety Equipment",1. Safety first | 2. Disconnect battery | 3. Remove old part | 4. Install new part | 5. Test system,Follow manufacturer specifications,"Disconnect battery, Use proper PPE"
QRG0013,Water Pump,ENGINE,Wagon R,3 hours,Hard,"Basic Hand Tools, Safety Equipment",1. Safety first | 2. Disconnect battery | 3. Remove old part | 4. Install new part | 5. Test system,Follow manufacturer specifications,"Disconnect battery, Use proper PPE"
QRG0014,Water Pump,ENGINE,Baleno,2 hours,Hard,"Basic Hand Tools, Safety Equipment",1. Safety first | 2. Disconnect battery | 3. Remove old part | 4. Install new part | 5. Test system,Follow manufacturer specifications,"Disconnect battery, Use proper PPE"
QRG0015,Water Pump,ENGINE,Fronx,4 hours,Medium,"Basic Hand Tools, Safety Equipment",1. Safety first | 2. Disconnect battery | 3. Remove old part | 4. Install new part | 5. Test system,Follow manufacturer specifications,"Disconnect battery, Use proper PPE"
QRG0016,Thermostat,ENGINE,Ciaz,4 hours,Hard,"Basic Hand Tools, Safety Equipment",1. Safety first | 2. Disconnect battery | 3. Remove old part | 4. Install new part | 5. Test system,Follow manufacturer specifications,"Disconnect battery, Use proper PPE"
QRG0017,Thermostat,ENGINE,Alto K10,4 hours,Medium,"Basic Hand Tools, Safety Equipment",1. Safety first | 2. Disconnect battery | 3. Remove old part | 4. Install new part | 5. Test system,Follow manufacturer specifications,"Disconnect battery, Use proper PPE"
QRG0018,Thermostat,ENGINE,Dzire,3 hours,Medium,"Basic Hand Tools, Safety Equipment",1. Safety first | 2. Disconnect battery | 3. Remove old part | 4. Install new part | 5. Test system,Follow manufacturer specifications,"Disconnect battery, Use proper PPE"
QRG0019,Oil Pump,ENGINE,Dzire,4 hours,Easy,"Basic Hand Tools, Safety Equipment",1. Safety first | 2. Disconnect battery | 3. Remove old part | 4. Install new part | 5. Test system,Follow manufacturer specifications,"Disconnect battery, Use proper PPE"
QRG0020,Oil Pump,ENGINE,Ciaz,1 hours,Hard,"Basic Hand Tools, Safety Equipment",1. Safety first | 2. Disconnect battery | 3. Remove old part | 4. Install new part | 5. Test system,Follow manufacturer specifications,"Disconnect battery, Use proper PPE"
QRG0021,Oil Pump,ENGINE,Fronx,4 hours,Medium,"Basic Hand Tools, Safety Equipment",1. Safety first | 2. Disconnect battery | 3. Remove old part | 4. Install new part | 5. Test system,Follow manufacturer specifications,"Disconnect battery, Use proper PPE"
QRG0022,Crankshaft Position Sensor,ENGINE,Fronx,1 hours,Easy,"Basic Hand Tools, Safety Equipment",1. Safety first | 2. Disconnect battery | 3. Remove old part | 4. Install new part | 5. Test system,Follow manufacturer specifications,"Disconnect battery, Use proper PPE"
QRG0023,Crankshaft Position Sensor,ENGINE,Ertiga,2 hours,Easy,"Basic Hand Tools, Safety Equipment",1. Safety first | 2. Disconnect battery | 3. Remove old part | 4. Install new part | 5. Test system,Follow manufacturer specifications,"Disconnect battery, Use proper PPE"
QRG0024,Crankshaft Position Sensor,ENGINE,Dzire,1 hours,Easy,"Basic Hand Tools, Safety Equipment",1. Safety first | 2. Disconnect battery | 3. Remove old part | 4. Install new part | 5. Test system,Follow manufacturer specifications,"Disconnect battery, Use proper PPE"
QRG0025,Brake Pads Front,BRAKES,Ciaz,2 hours,Hard,"Basic Hand Tools, Safety Equipment",1. Safety first | 2. Disconnect battery | 3. Remove old part | 4. Install new part | 5. Test system,Follow manufacturer specifications,"Disconnect battery, Use proper PPE"
QRG0026,Brake Pads Front,BRAKES,Fronx,3 hours,Easy,"Basic Hand Tools, Safety Equipment",1. Safety first | 2. Disconnect battery | 3. Remove old part | 4. Install new part | 5. Test system,Follow manufacturer specifications,"Disconnect battery, Use proper PPE"
QRG0027,Brake Pads Front,BRAKES,Swift,2 hours,Easy,"Basic Hand Tools, Safety Equipment",1. Safety first | 2. Disconnect battery | 3. Remove old part | 4. Install new part | 5. Test system,Follow manufacturer specifications,"Disconnect battery, Use proper PPE"
QRG0028,Brake Pads Rear,BRAKES,Fronx,2 hours,Easy,"Basic Hand Tools, Safety Equipment",1. Safety first | 2. Disconnect battery | 3. Remove old part | 4. Install new part | 5. Test system,Follow manufacturer specifications,"Disconnect battery, Use proper PPE"
QRG0029,Brake Pads Rear,BRAKES,Swift,4 hours,Medium,"Basic Hand Tools, Safety Equipment",1. Safety first | 2. Disconnect battery | 3. Remove old part | 4. Install new part | 5. Test system,Follow manufacturer specifications,"Disconnect battery, Use proper PPE"
QRG0030,Brake Pads Rear,BRAKES,Dzire,4 hours,Easy,"Basic Hand Tools, Safety Equipment",1. Safety first | 2. Disconnect battery | 3. Remove old part | 4. Install new part | 5. Test system,Follow manufacturer specifications,"Disconnect battery, Use proper PPE"
QRG0031,Brake Discs,BRAKES,Wagon R,1 hours,Hard,"Basic Hand Tools, Safety Equipment",1. Safety first | 2. Disconnect battery | 3. Remove old part | 4. Install new part | 5. Test system,Follow manufacturer specifications,"Disconnect battery, Use proper PPE"
QRG0032,Brake Discs,BRAKES,Ertiga,1 hours,Easy,"Basic Hand Tools, Safety Equipment",1. Safety first | 2. Disconnect battery | 3. Remove old part | 4. Install new part | 5. Test system,Follow manufacturer specifications,"Disconnect battery, Use proper PPE"
QRG0033,Brake Discs,BRAKES,Alto K10,1 hours,Easy,"Basic Hand Tools, Safety Equipment",1. Safety first | 2. Disconnect battery | 3. Remove old part | 4. Install new part | 5. Test system,Follow manufacturer specifications,"Disconnect battery, Use proper PPE"
QRG0034,Brake Calipers,BRAKES,Wagon R,1 hours,Easy,"Basic Hand Tools, Safety Equipment",1. Safety first | 2. Disconnect battery | 3. Remove old part | 4. Install new part | 5. Test system,Follow manufacturer specifications,"Disconnect battery, Use proper PPE"
QRG0035,Brake Calipers,BRAKES,Fronx,3 hours,Hard,"Basic Hand Tools, Safety Equipment",1. Safety first | 2. Disconnect battery | 3. Remove old part | 4. Install new part | 5. Test system,Follow manufacturer specifications,"Disconnect battery, Use proper PPE"
QRG0036,Brake Calipers,BRAKES,Grand Vitara,4 hours,Medium,"Basic Hand Tools, Safety Equipment",1. Safety first | 2. Disconnect battery | 3. Remove old part | 4. Install new part | 5. Test system,Follow manufacturer specifications,"Disconnect battery, Use proper PPE"
QRG0037,Master Cylinder,BRAKES,Alto K10,2 hours,Hard,"Basic Hand Tools, Safety Equipment",1. Safety first | 2. Disconnect battery | 3. Remove old part | 4. Install new part | 5. Test system,Follow manufacturer specifications,"Disconnect battery, Use proper PPE"
QRG0038,Master Cylinder,BRAKES,Grand Vitara,4 hours,Medium,"Basic Hand Tools, Safety Equipment",1. Safety first | 2. Disconnect battery | 3. Remove old part | 4. Install new part | 5. Test system,Follow manufacturer specifications,"Disconnect battery, Use proper PPE"
QRG0039,Master Cylinder,BRAKES,Fronx,4 hours,Medium,"Basic Hand Tools, Safety Equipment",1. Safety first | 2. Disconnect battery | 3. Remove old part | 4. Install new part | 5. Test system,Follow manufacturer specifications,"Disconnect battery, Use proper PPE"
QRG0040,ABS Pump,BRAKES,Ciaz,4 hours,Medium,"Basic Hand Tools, Safety Equipment",1. Safety first | 2. Disconnect battery | 3. Remove old part | 4. Install new part | 5. Test system,Follow manufacturer specifications,"Disconnect battery, Use proper PPE"
QRG0041,ABS Pump,BRAKES,Dzire,3 hours,Easy,"Basic Hand Tools, Safety Equipment",1. Safety first | 2. Disconnect battery | 3. Remove old part | 4. Install new part | 5. Test system,Follow manufacturer specifications,"Disconnect battery, Use proper PPE"
QRG0042,ABS Pump,BRAKES,Swift,1 hours,Hard,"Basic Hand Tools, Safety Equipment",1. Safety first | 2. Disconnect battery | 3. Remove old part | 4. Install new part | 5. Test system,Follow manufacturer specifications,"Disconnect battery, Use proper PPE"
QRG0043,Shock Absorbers,SUSPENSION,Wagon R,3 hours,Easy,"Basic Hand Tools, Safety Equipment",1. Safety first | 2. Disconnect battery | 3. Remove old part | 4. Install new part | 5. Test system,Follow manufacturer specifications,"Disconnect battery, Use proper PPE"
QRG0044,Shock Absorbers,SUSPENSION,Ciaz,1 hours,Medium,"Basic Hand Tools, Safety Equipment",1. Safety first | 2. Disconnect battery | 3. Remove old part | 4. Install new part | 5. Test system,Follow manufacturer specifications,"Disconnect battery, Use proper PPE"
QRG0045,Shock Absorbers,SUSPENSION,Alto K10,1 hours,Medium,"Basic Hand Tools, Safety Equipment",1. Safety first | 2. Disconnect battery | 3. Remove old part | 4. Install new part | 5. Test system,Follow manufacturer specifications,"Disconnect battery, Use proper PPE"
QRG0046,Strut Assembly,SUSPENSION,Fronx,4 hours,Easy,"Basic Hand Tools, Safety Equipment",1. Safety first | 2. Disconnect battery | 3. Remove old part | 4. Install new part | 5. Test system,Follow manufacturer specifications,"Disconnect battery, Use proper PPE"
QRG0047,Strut Assembly,SUSPENSION,Baleno,4 hours,Hard,"Basic Hand Tools, Safety Equipment",1. Safety first | 2. Disconnect battery | 3. Remove old part | 4. Install new part | 5. Test system,Follow manufacturer specifications,"Disconnect battery, Use proper PPE"
QRG0048,Strut Assembly,SUSPENSION,Alto K10,3 hours,Hard,"Basic Hand Tools, Safety Equipment",1. Safety first | 2. Disconnect battery | 3. Remove old part | 4. Install new part | 5. Test system,Follow manufacturer specifications,"Disconnect battery, Use proper PPE"
QRG0049,Control Arms,SUSPENSION,Wagon R,2 hours,Hard,"Basic Hand Tools, Safety Equipment",1. Safety first | 2. Disconnect battery | 3. Remove old part | 4. Install new part | 5. Test system,Follow manufacturer specifications,"Disconnect battery, Use proper PPE"
QRG0050,Control Arms,SUSPENSION,Fronx,1 hours,Medium,"Basic Hand Tools, Safety Equipment",1. Safety first | 2. Disconnect battery | 3. Remove old part | 4. Install new part | 5. Test system,Follow manufacturer specifications,"Disconnect battery, Use proper PPE"
QRG0051,Control Arms,SUSPENSION,Ertiga,4 hours,Hard,"Basic Hand Tools, Safety Equipment",1. Safety first | 2. Disconnect battery | 3. Remove old part | 4. Install new part | 5. Test system,Follow manufacturer specifications,"Disconnect battery, Use proper PPE"
QRG0052,Ball Joints,SUSPENSION,Swift,1 hours,Medium,"Basic Hand Tools, Safety Equipment",1. Safety first | 2. Disconnect battery | 3. Remove old part | 4. Install new part | 5. Test system,Follow manufacturer specifications,"Disconnect battery, Use proper PPE"
QRG0053,Ball Joints,SUSPENSION,Baleno,3 hours,Medium,"Basic Hand Tools, Safety Equipment",1. Safety first | 2. Disconnect battery | 3. Remove old part | 4. Install new part | 5. Test system,Follow manufacturer specifications,"Disconnect battery, Use proper PPE"
QRG0054,Ball Joints,SUSPENSION,Wagon R,1 hours,Easy,"Basic Hand Tools, Safety Equipment",1. Safety first | 2. Disconnect battery | 3. Remove old part | 4. Install new part | 5. Test system,Follow manufacturer specifications,"Disconnect battery, Use proper PPE"
QRG0055,Wheel Bearings,SUSPENSION,Alto K10,4 hours,Easy,"Basic Hand Tools, Safety Equipment",1. Safety first | 2. Disconnect battery | 3. Remove old part | 4. Install new part | 5. Test system,Follow manufacturer specifications,"Disconnect battery, Use proper PPE"
QRG0056,Wheel Bearings,SUSPENSION,Wagon R,2 hours,Medium,"Basic Hand Tools, Safety Equipment",1. Safety first | 2. Disconnect battery | 3. Remove old part | 4. Install new part | 5. Test system,Follow manufacturer specifications,"Disconnect battery, Use proper PPE"
QRG0057,Wheel Bearings,SUSPENSION,Baleno,1 hours,Hard,"Basic Hand Tools, Safety Equipment",1. Safety first | 2. Disconnect battery | 3. Remove old part | 4. Install new part | 5. Test system,Follow manufacturer specifications,"Disconnect battery, Use proper PPE"
QRG0058,Tie Rod Ends,SUSPENSION,Dzire,4 hours,Hard,"Basic Hand Tools, Safety Equipment",1. Safety first | 2. Disconnect battery | 3. Remove old part | 4. Install new part | 5. Test system,Follow manufacturer specifications,"Disconnect battery, Use proper PPE"
QRG0059,Tie Rod Ends,SUSPENSION,Ertiga,3 hours,Easy,"Basic Hand Tools, Safety Equipment",1. Safety first | 2. Disconnect battery | 3. Remove old part | 4. Install new part | 5. Test system,Follow manufacturer specifications,"Disconnect battery, Use proper PPE"
QRG0060,Tie Rod Ends,SUSPENSION,Wagon R,1 hours,Hard,"Basic Hand Tools, Safety Equipment",1. Safety first | 2. Disconnect battery | 3. Remove old part | 4. Install new part | 5. Test system,Follow manufacturer specifications,"Disconnect battery, Use proper PPE"
QRG0061,Battery,ELECTRICAL,Dzire,1 hours,Medium,"Basic Hand Tools, Safety Equipment",1. Safety first | 2. Disconnect battery | 3. Remove old part | 4. Install new part | 5. Test system,Follow manufacturer specifications,"Disconnect battery, Use proper PPE"
QRG0062,Battery,ELECTRICAL,Baleno,2 hours,Easy,"Basic Hand Tools, Safety Equipment",1. Safety first | 2. Disconnect battery | 3. Remove old part | 4. Install new part | 5. Test system,Follow manufacturer specifications,"Disconnect battery, Use proper PPE"
QRG0063,Battery,ELECTRICAL,Ertiga,4 hours,Medium,"Basic Hand Tools, Safety Equipment",1. Safety first | 2. Disconnect battery | 3. Remove old part | 4. Install new part | 5. Test system,Follow manufacturer specifications,"Disconnect battery, Use proper PPE"
QRG0064,Alternator,ELECTRICAL,Fronx,3 hours,Hard,"Basic Hand Tools, Safety Equipment",1. Safety first | 2. Disconnect battery | 3. Remove old part | 4. Install new part | 5. Test system,Follow manufacturer specifications,"Disconnect battery, Use proper PPE"
QRG0065,Alternator,ELECTRICAL,Ertiga,3 hours,Hard,"Basic Hand Tools, Safety Equipment",1. Safety first | 2. Disconnect battery | 3. Remove old part | 4. Install new part | 5. Test system,Follow manufacturer specifications,"Disconnect battery, Use proper PPE"
QRG0066,Alternator,ELECTRICAL,Baleno,2 hours,Hard,"Basic Hand Tools, Safety Equipment",1. Safety first | 2. Disconnect battery | 3. Remove old part | 4. Install new part | 5. Test system,Follow manufacturer specifications,"Disconnect battery, Use proper PPE"
QRG0067,Starter Motor,ELECTRICAL,Dzire,2 hours,Medium,"Basic Hand Tools, Safety Equipment",1. Safety first | 2. Disconnect battery | 3. Remove old part | 4. Install new part | 5. Test system,Follow manufacturer specifications,"Disconnect battery, Use proper PPE"
QRG0068,Starter Motor,ELECTRICAL,Wagon R,2 hours,Hard,"Basic Hand Tools, Safety Equipment",1. Safety first | 2. Disconnect battery | 3. Remove old part | 4. Install new part | 5. Test system,Follow manufacturer specifications,"Disconnect battery, Use proper PPE"
QRG0069,Starter Motor,ELECTRICAL,Fronx,1 hours,Medium,"Basic Hand Tools, Safety Equipment",1. Safety first | 2. Disconnect battery | 3. Remove old part | 4. Install new part | 5. Test system,Follow manufacturer specifications,"Disconnect battery, Use proper PPE"
QRG0070,Headlights,ELECTRICAL,Swift,1 hours,Hard,"Basic Hand Tools, Safety Equipment",1. Safety first | 2. Disconnect battery | 3. Remove old part | 4. Install new part | 5. Test system,Follow manufacturer specifications,"Disconnect battery, Use proper PPE"
QRG0071,Headlights,ELECTRICAL,Fronx,3 hours,Hard,"Basic Hand Tools, Safety Equipment",1. Safety first | 2. Disconnect battery | 3. Remove old part | 4. Install new part | 5. Test system,Follow manufacturer specifications,"Disconnect battery, Use proper PPE"
QRG0072,Headlights,ELECTRICAL,Grand Vitara,3 hours,Medium,"Basic Hand Tools, Safety Equipment",1. Safety first | 2. Disconnect battery | 3. Remove old part | 4. Install new part | 5. Test system,Follow manufacturer specifications,"Disconnect battery, Use proper PPE"
QRG0073,Tail Lights,ELECTRICAL,Grand Vitara,2 hours,Hard,"Basic Hand Tools, Safety Equipment",1. Safety first | 2. Disconnect battery | 3. Remove old part | 4. Install new part | 5. Test system,Follow manufacturer specifications,"Disconnect battery, Use proper PPE"
QRG0074,Tail Lights,ELECTRICAL,Wagon R,2 hours,Hard,"Basic Hand Tools, Safety Equipment",1. Safety first | 2. Disconnect battery | 3. Remove old part | 4. Install new part | 5. Test system,Follow manufacturer specifications,"Disconnect battery, Use proper PPE"
QRG0075,Tail Lights,ELECTRICAL,Ciaz,1 hours,Hard,"Basic Hand Tools, Safety Equipment",1. Safety first | 2. Disconnect battery | 3. Remove old part | 4. Install new part | 5. Test system,Follow manufacturer specifications,"Disconnect battery, Use proper PPE"
QRG0076,Clutch Kit,TRANSMISSION,Dzire,2 hours,Hard,"Basic Hand Tools, Safety Equipment",1. Safety first | 2. Disconnect battery | 3. Remove old part | 4. Install new part | 5. Test system,Follow manufacturer specifications,"Disconnect battery, Use proper PPE"
QRG0077,Clutch Kit,TRANSMISSION,Grand Vitara,1 hours,Easy,"Basic Hand Tools, Safety Equipment",1. Safety first | 2. Disconnect battery | 3. Remove old part | 4. Install new part | 5. Test system,Follow manufacturer specifications,"Disconnect battery, Use proper PPE"
QRG0078,Clutch Kit,TRANSMISSION,Ertiga,2 hours,Easy,"Basic Hand Tools, Safety Equipment",1. Safety first | 2. Disconnect battery | 3. Remove old part | 4. Install new part | 5. Test system,Follow manufacturer specifications,"Disconnect battery, Use proper PPE"
QRG0079,Drive Shaft,TRANSMISSION,Ertiga,2 hours,Medium,"Basic Hand Tools, Safety Equipment",1. Safety first | 2. Disconnect battery | 3. Remove old part | 4. Install new part | 5. Test system,Follow manufacturer specifications,"Disconnect battery, Use proper PPE"
QRG0080,Drive Shaft,TRANSMISSION,Dzire,3 hours,Hard,"Basic Hand Tools, Safety Equipment",1. Safety first | 2. Disconnect battery | 3. Remove old part | 4. Install new part | 5. Test system,Follow manufacturer specifications,"Disconnect battery, Use proper PPE"
QRG0081,Drive Shaft,TRANSMISSION,Swift,1 hours,Medium,"Basic Hand Tools, Safety Equipment",1. Safety first | 2. Disconnect battery | 3. Remove old part | 4. Install new part | 5. Test system,Follow manufacturer specifications,"Disconnect battery, Use proper PPE"
QRG0082,CV Joints,TRANSMISSION,Grand Vitara,4 hours,Medium,"Basic Hand Tools, Safety Equipment",1. Safety first | 2. Disconnect battery | 3. Remove old part | 4. Install new part | 5. Test system,Follow manufacturer specifications,"Disconnect battery, Use proper PPE"
QRG0083,CV Joints,TRANSMISSION,Dzire,1 hours,Medium,"Basic Hand Tools, Safety Equipment",1. Safety first | 2. Disconnect battery | 3. Remove old part | 4. Install new part | 5. Test system,Follow manufacturer specifications,"Disconnect battery, Use proper PPE"
QRG0084,CV Joints,TRANSMISSION,Alto K10,4 hours,Easy,"Basic Hand Tools, Safety Equipment",1. Safety first | 2. Disconnect battery | 3. Remove old part | 4. Install new part | 5. Test system,Follow manufacturer specifications,"Disconnect battery, Use proper PPE"
QRG0085,Transmission Fluid,TRANSMISSION,Alto K10,2 hours,Medium,"Basic Hand Tools, Safety Equipment",1. Safety first | 2. Disconnect battery | 3. Remove old part | 4. Install new part | 5. Test system,Follow manufacturer specifications,"Disconnect battery, Use proper PPE"
QRG0086,Transmission Fluid,TRANSMISSION,Baleno,1 hours,Medium,"Basic Hand Tools, Safety Equipment",1. Safety first | 2. Disconnect battery | 3. Remove old part | 4. Install new part | 5. Test system,Follow manufacturer specifications,"Disconnect battery, Use proper PPE"
QRG0087,Transmission Fluid,TRANSMISSION,Fronx,3 hours,Hard,"Basic Hand Tools, Safety Equipment",1. Safety first | 2. Disconnect battery | 3. Remove old part | 4. Install new part | 5. Test system,Follow manufacturer specifications,"Disconnect battery, Use proper PPE"
