part_id,part_name,category,sub_category,vehicle_model,description,material,price_inr,warranty_years,weight_kg,stock_status,minimum_order_quantity,supplier,last_updated
ACC-DSH-002,Dashboard Assembly,Accessories,Interior,Model Specific,Complete dashboard with instrument cluster,Soft-touch Plastic,32000,5,2.5,In Stock,1,Tata Genuine Parts,2025-12-05
ACC-RF-001,Roof Rails,Accessories,Exterior,"Safari, Harrier",Side roof rails for luggage carrier,Aluminum,6500,3,2.5,In Stock,1,Tata Accessories,2025-12-05
ACC-SET-001,Front Seat Assembly,Accessories,Interior,All Models,Complete front seat with adjustments,Fabric/Leather,25000,3,2.5,In Stock,1,Tata Genuine Parts,2025-12-05
ACC-STR-003,Steering Wheel,Accessories,Interior,All Models,Leather-wrapped with audio controls,Leather,8500,2,2.5,In Stock,1,Tata Genuine Parts,2025-12-05
BDY-BM-004,Front Bumper Assembly,Body,Body Panels,All Models,Complete bumper with mounting,Plastic Composite,9500,3,2.5,In Stock,1,Tata Genuine Parts,2025-12-05
BDY-DR-002,Front Doors (Pair),Body,Body Panels,All Models,Complete door assembly with mechanisms,Steel,28000,5,2.5,In Stock,1,Tata Genuine Parts,2025-12-05
BDY-HD-001,Hood/Bonnet,Body,Body Panels,All Models,Front hood with insulation,Steel,12500,5,2.5,In Stock,1,Tata Genuine Parts,2025-12-05
STR-CHA-001,Chassis Frame,Body,Structural,"Harrier, Safari",Main vehicle chassis structure,High-strength Steel,85000,10,2.5,In Stock,1,Tata Genuine Parts,2025-12-05
BRK-ABS-004,ABS Control Module,Braking,Electronic Systems,Premium Variants,Bosch 9.3 ESP system controller,Electronic Components,18500,3,3.0,In Stock,1,Bosch,2025-12-05
BRK-FD-001,Front Disc Brake Assembly,Braking,Disc Brakes,All Models,Complete front disc brake assembly,Cast Iron,8500,2,3.0,In Stock,1,Bosch/Tata,2025-12-05
BRK-PAD-003,Brake Pad Set (Front),Braking,Brake Pads,All Models,Front brake pads ceramic type,Ceramic Composite,4500,1,3.0,In Stock,1,Bosch,2025-12-05
BRK-PAD-004,Brake Pad Set (Rear),Braking,Brake Pads,All Models,Rear brake pads,Semi-Metallic,3800,1,3.0,In Stock,1,Bosch,2025-12-05
BRK-RD-002,Rear Disc Brake Assembly,Braking,Disc Brakes,"Nexon, Harrier",Rear disc brake setup,Cast Iron,7200,2,3.0,In Stock,1,Bosch/Tata,2025-12-05
HVAC-COM-001,AC Compressor,Climate Control,AC System,All Models,Variable displacement compressor,Aluminum,18500,3,2.5,In Stock,1,Denso/Sanden,2025-12-05
HVAC-EVA-002,Evaporator,Climate Control,AC System,All Models,Cabin cooling evaporator,Aluminum,8500,3,2.5,In Stock,1,Denso,2025-12-05
HVAC-FIL-004,Cabin Air Filter,Climate Control,AC System,All Models,Pollen and dust filter,Activated Carbon,850,1,0.5,In Stock,1,Mahle/Mann Filter,2025-12-05
CLD-RAD-001,Radiator,Cooling,Engine Cooling,All ICE Models,Engine cooling radiator,Aluminum/Plastic,8500,3,2.5,In Stock,1,Tata Genuine Parts,2025-12-05
EV-BAT-001,Lithium-ion Battery Pack,EV Components,Battery,"Nexon EV, Tiago EV",30.2 kWh battery pack with BMS,Lithium-ion Cells,350000,8,2.0,In Stock,1,Tata Motors,2025-12-05
EV-MOT-002,Electric Motor,EV Components,Motor,Nexon EV,129 PS permanent magnet motor,Copper/Magnets,95000,5,2.5,In Stock,1,Tata Motors,2025-12-05
BAT-SLI-001,Starter Battery,Electrical,Battery,All ICE Models,12V 45Ah starter battery,Lead-Acid,6500,2,2.0,In Stock,1,Exide/Amara Raja,2025-12-05
ECU-BCM-003,Body Control Module,Electronics,Control Modules,All Models,"Controls central locking, windows, etc.",Electronic Components,15000,3,2.5,In Stock,1,Continental,2025-12-05
ECU-ENG-001,Engine Control Unit,Electronics,Control Modules,All Petrol/Diesel,Fuel injection and engine management,Electronic Components,32000,4,5.0,In Stock,1,Bosch,2025-12-05
SEN-MAF-002,Mass Airflow Sensor,Electronics,Sensors,All Models,Measures air entering engine,Plastic/Metal,2800,2,1.0,In Stock,1,Bosch,2025-12-05
SEN-O2-001,Oxygen Sensor,Electronics,Sensors,All ICE Models,Lambda sensor for exhaust monitoring,Ceramic/Platinum,3200,2,1.0,In Stock,1,Bosch,2025-12-05
ENG-CYL-001,Cylinder Head Assembly,Engine,Internal Components,All Models,With valves and camshaft,Aluminum,22000,3,5.0,In Stock,1,Tata Genuine Parts,2025-12-05
ENG-PIS-002,Piston Kit (Set of 4),Engine,Internal Components,All ICE Models,Complete piston set with rings,Forged Aluminum,8500,2,5.0,In Stock,1,Tata Genuine Parts,2025-12-05
ENG-TH-002,2.0L Kryotec Diesel Engine,Engine,Engine Assembly,"Harrier, Safari",Diesel engine with advanced fuel injection,Cast Iron,120000,5,5.0,In Stock,1,Tata Genuine Parts,2025-12-05
ENG-TN-001,1.2L Revotron Turbo Engine Assembly,Engine,Engine Assembly,"Nexon, Altroz",Complete engine assembly with turbocharger,Aluminum Alloy,85000,5,5.0,In Stock,1,Tata Genuine Parts,2025-12-05
ENG-TT-003,1.2L Revotron MPFI Engine,Engine,Engine Assembly,"Tiago, Tigor",Multi-point fuel injection petrol engine,Aluminum,65000,4,5.0,In Stock,1,Tata Genuine Parts,2025-12-05
EXH-CAT-001,Catalytic Converter,Exhaust,Emission Control,All ICE Models,BS6 compliant catalytic converter,Stainless Steel/Ceramic,12500,5,2.5,In Stock,1,Tata Genuine Parts,2025-12-05
GLS-DRW-002,Door Window Glass,Glass,Windows,All Models,Side door window,Tempered Glass,3200,3,2.5,In Stock,1,Saint-Gobain,2025-12-05
GLS-SUN-004,Sunroof Glass,Glass,Windows,Top Variants,Electric sunroof with anti-pinch,Tempered Glass,18500,5,2.5,In Stock,1,Webasto/Tata,2025-12-05
GLS-WDS-001,Windshield,Glass,Windows,All Models,Front windshield with UV cut,Laminated Glass,9500,5,2.5,In Stock,1,Saint-Gobain,2025-12-05
LGT-DOM-001,Dome Light,Lighting,Interior Lighting,All Models,Interior roof light,Plastic/LED,850,1,2.5,In Stock,1,Tata Genuine Parts,2025-12-05
LGT-DRL-002,Daytime Running Lights,Lighting,Exterior Lighting,All Models,LED DRL strips,LED Strips,6500,2,2.5,In Stock,1,Lumax,2025-12-05
LGT-FOG-003,Fog Lamp Assembly,Lighting,Exterior Lighting,All Models,Front fog lamps,Glass/Plastic,4200,2,2.5,In Stock,1,Lumax,2025-12-05
LGT-HDL-001,LED Headlamp Assembly,Lighting,Exterior Lighting,Premium Variants,Projector type LED headlamps,Polycarbonate/LED,18000,3,2.5,In Stock,1,Lumax/Tata,2025-12-05
SAF-ABG-001,Driver Airbag,Safety,Airbags,All Models,Steering wheel airbag assembly,Nylon/Fabric,12500,10,2.5,In Stock,1,Autoliv/Takata,2025-12-05
SAF-ABG-002,Passenger Airbag,Safety,Airbags,All Models,Dashboard mounted airbag,Nylon/Fabric,14500,10,2.5,In Stock,1,Autoliv/Takata,2025-12-05
SAF-SBT-001,Seat Belt Assembly (Front),Safety,Restraints,All Models,3-point seat belt with pretensioner,Nylon/Steel,4500,5,2.5,In Stock,1,Autoliv,2025-12-05
STE-RAC-001,Rack and Pinion Assembly,Suspension,Steering,All Models,Power steering rack assembly,Aluminum/Steel,15000,3,2.5,In Stock,1,ZF,2025-12-05
SUS-MLT-003,Multi-link (Rear) Suspension,Suspension,Suspension Components,"Harrier, Safari",Independent rear suspension system,Steel,22000,3,2.5,In Stock,1,ZF/Tata,2025-12-05
SUS-STR-001,MacPherson Strut (Front),Suspension,Suspension Components,All Models,Front suspension strut assembly,Steel/Rubber,12500,3,2.5,In Stock,1,ZF/Tata,2025-12-05
TRN-AMT-003,AMT Transmission,Transmission,Gearbox,"Nexon, Tiago, Altroz",Automated manual transmission,Aluminum/Steel,65000,5,2.5,In Stock,1,Magnetti Marelli/Tata,2025-12-05
TRN-MAN-001,5-Speed Manual Transmission,Transmission,Gearbox,"Tiago, Tigor, Punch",Manual transmission assembly,Aluminum/Steel,45000,5,2.5,In Stock,1,Tata Genuine Parts,2025-12-05
