{
  "brand": "Tata Motors",
  "spare_parts": [
    {
      "model": "Tata Tiago",
      "parts": {
        "Radiator": 5644,
        "Clutch Plate": 3140,
        "Fan Belt": 455,
        "Front Bumper": 2560,
        "Rear Bumper": 2560,
        "Head Light (Left or Right)": 7680,
        "Tail Light (Left or Right)": 2176,
        "Side View Mirror": 1150,
        "Wiper": 510
      }
    }
  ],
  "service_cost_examples": {
    "Tata Tiago": {
      "1st Service (15,000 km / 12 mo)": 4346.5,
      "2nd Service (30,000 km / 24 mo)": 4346.5,
      "3rd Service (45,000 / 36 mo)": 5794.5,
      "4th Service (60,000 / 48 mo)": 4346.5,
      "5th Service (75,000 / 60 mo)": 4727.5
    },
    "Tata Nexon 2020–2023": {
      "1st Service": 5975,
      "2nd Service": 5975,
      "3rd Service": 7458,
      "4th Service": 5975,
      "5th Service": 5975
    }
  }
}
